,Country_Name,Y1981,Y1982,Y1983,Y1984,Y1985,Y1986,Y1987,Y1988,Y1989,Y1990,Y1991,Y1992,Y1993,Y1994,Y1995,Y1996,Y1997,Y1998,Y1999,Y2000,Y2001,Y2002,Y2003,Y2004,Y2005,Y2006,Y2007,Y2008,Y2009,Y2010,Y2011,Y2012,Y2013,Y2014
32,Afghanistan,0.583,-0.237,0.213,0.21,0.361,-0.048,0.49,0.988,-0.122,0.847,-0.058,-0.214,0.292,0.554,0.474,-0.016,0.592,0.795,1.301,1.109,1.366,1.384,0.615,1.427,0.491,1.78,0.736,0.804,0.929,1.646,1.446,0.234,1.308,0.457
66,Albania,-0.313,0.237,-0.059,-0.212,-0.042,0.629,-0.049,0.43,-0.005,0.814,-0.263,0.105,0.117,1.37,-0.136,0.003,0.113,0.838,0.722,1.112,1.555,0.492,1.023,0.462,0.255,0.426,1.45,1.103,1.009,1.274,1.108,1.568,1.444,1.322
100,Algeria,0.2,0.388,0.576,0.007,0.513,0.299,0.99,1.346,0.386,1.27,0.034,-0.318,0.541,0.72,0.583,0.823,1.018,1.077,1.456,0.798,1.827,1.222,1.567,0.964,1.238,1.373,1.198,1.164,0.927,2.249,1.39,1.128,1.173,1.676
134,American Samoa,0.172,0.249,0.288,0.255,0.234,0.371,0.33,0.516,0.163,0.516,0.82,0.674,0.196,0.286,0.798,0.772,,,0.243,0.67,0.948,1.196,0.719,0.215,0.844,0.446,0.894,0.46,,1.047,0.642,0.646,0.883,0.554
168,Andorra,0.167,1.048,0.856,-0.159,0.058,0.392,0.353,0.856,1.152,1.724,0.215,0.368,0.175,1.502,1.245,0.535,1.736,0.98,1.02,1.015,1.476,0.828,1.946,0.919,0.835,1.463,0.974,0.891,1.358,0.411,1.617,1.196,0.757,1.857
202,Angola,0.019,0.235,0.597,0.722,0.724,0.199,0.808,0.677,0.097,0.808,0.44,0.606,0.401,0.373,0.88,0.511,0.361,1.264,0.591,0.316,0.425,0.868,1.058,0.558,1.21,0.636,0.955,0.601,0.744,1.303,0.923,0.576,1.09,0.879
236,Anguilla,0.556,0.128,0.505,0.075,-0.04,-0.003,0.539,0.402,-0.1,0.344,0.394,0.36,0.477,0.513,0.661,0.392,0.54,1.126,0.598,0.276,0.611,0.776,0.918,0.549,0.826,0.6,0.876,0.344,0.577,1.107,0.507,0.652,0.778,0.821
270,Antarctica,0.705,-0.032,-0.693,0.129,0.177,-0.271,-0.701,0.953,-0.439,0.287,0.675,0.333,-0.718,-0.056,-0.225,0.81,-0.516,-0.414,-0.558,-0.78,-0.074,1.281,-0.458,0.148,0.855,-0.036,0.71,0.575,1.316,0.84,0.749,-0.202,1.738,0.556
304,Antigua and Barbuda,0.579,0.183,0.45,-0.049,-0.111,-0.094,0.571,0.309,-0.164,0.367,0.485,0.511,0.501,0.438,0.683,0.432,0.591,1.158,0.611,0.384,,0.681,0.9,0.566,0.864,0.561,0.847,0.303,0.482,1.147,0.576,0.682,0.766,0.723
338,Argentina,0.358,0.341,0.029,-0.109,0.292,0.456,0.435,-0.206,0.591,0.422,0.256,-0.253,0.084,0.486,0.254,0.515,0.762,0.35,0.158,-0.187,0.415,0.28,0.615,0.421,0.228,0.547,-0.219,0.55,0.793,0.102,0.36,0.787,0.437,0.951
372,Armenia,,,,,,,,,,,,-1.294,-0.947,0.479,0.708,0.499,0.672,1.371,1.527,1.038,1.412,1.125,0.117,1.144,0.51,1.627,0.682,0.811,0.681,2.805,0.676,1.272,1.407,1.258
406,Aruba,0.379,0.355,0.681,0.147,-0.207,-0.042,0.692,0.453,-0.151,0.122,0.364,0.523,,0.336,0.589,0.689,0.387,1.13,0.216,-0.069,0.531,0.688,0.796,0.338,0.493,0.49,0.867,0.276,0.703,1.25,0.354,0.554,1.017,0.804
440,Australia,0.466,0.159,0.608,-0.186,0.323,0.358,0.329,0.932,0.132,0.534,0.806,0.268,0.466,0.199,0.398,0.582,0.363,1.062,0.56,0.124,0.311,0.706,0.807,0.698,1.181,0.683,0.887,0.582,0.986,0.624,0.156,0.258,1.459,1.166
474,Austria,0.279,0.389,1.068,-0.242,-0.56,0.325,-0.256,0.827,1.11,1.268,0.13,1.25,0.529,1.962,0.943,-0.198,0.517,1.347,0.985,1.768,1.504,1.539,1.473,0.839,0.638,0.921,2.15,1.593,1.552,0.662,1.381,1.791,1.103,2.427
508,Azerbaijan,,,,,,,,,,,,-0.823,-1.003,0.105,1.023,0.259,0.606,1.204,1.242,1.115,1.425,1.416,-0.125,1.331,0.879,1.528,0.98,0.928,0.799,2.356,0.768,1.475,1.565,1.242
542,Bahamas,-0.037,0.524,0.201,0.082,0.301,0.291,0.524,0.49,0.731,0.832,0.845,0.349,0.439,0.862,0.736,0.084,0.859,1.011,0.704,0.29,0.229,0.952,1.096,0.42,0.48,0.424,0.973,0.893,0.494,0.399,0.453,0.452,0.677,0.994
576,Bahrain,0.319,-0.214,-0.988,-0.12,0.215,0.505,0.374,0.452,-0.139,0.164,-0.442,-0.739,-0.074,0.792,0.038,0.476,0.152,1.205,1.882,1.05,1.136,1.492,1.157,1.274,0.945,1.682,0.885,1.127,1.017,1.993,1.207,1.152,1.274,1.67
610,Bangladesh,-0.208,-0.062,-0.15,-0.332,0.047,0.027,0.33,0.328,0.094,-0.167,-0.021,-0.115,-0.403,0.203,0.176,0.146,-0.158,0.486,0.74,0.209,0.339,0.4,0.251,0.291,0.631,0.845,0.337,0.129,0.915,0.849,0.176,0.343,0.267,0.482
644,Barbados,0.065,-0.077,0.051,-0.266,-0.453,-0.327,0.371,0.229,0.058,0.198,0.263,0.183,0.256,0.261,0.384,0.257,0.287,1.103,0.498,0.349,0.563,0.531,0.781,0.564,0.998,0.723,0.573,0.227,0.357,1.091,0.615,0.432,0.786,0.447
678,Belarus,,,,,,,,,,,,1.271,0.023,1.139,1.498,-0.276,0.358,0.704,1.504,1.94,1.977,1.891,0.08,0.926,1.271,0.642,2.357,2.247,1.593,1.434,0.989,1.526,1.169,2.137
712,Belgium,,,,,,,,,,,,,,,,,,,,1.468,1.317,1.378,1.505,1.07,1.178,1.379,1.864,1.238,1.142,0.215,1.268,1.113,0.449,2.399
746,Belgium-Luxembourg,0.191,0.507,0.836,-0.037,-0.817,-0.134,-0.408,0.742,1.432,1.48,0.25,1.004,0.349,1.591,1.488,-0.512,0.666,1.012,1.428,,,,,,,,,,,,,,,
780,Belize,-0.049,0.568,0.723,0.233,0.526,0.182,0.402,0.534,0.272,0.434,0.613,0.324,0.345,0.639,0.665,0.126,0.791,0.827,0.313,0.041,0.305,0.611,0.833,0.582,0.724,0.526,0.727,0.453,0.793,0.711,0.588,0.508,0.648,0.616
814,Benin,0.208,0.26,0.564,0.575,0.458,0.37,1.039,0.695,0.015,0.652,0.377,0.044,0.593,0.496,0.468,0.797,0.645,1.12,0.708,0.542,0.623,0.811,1.049,0.828,1.201,1.136,0.927,0.731,1.066,1.349,1.074,0.719,0.989,1.087
848,Bhutan,0.148,-0.151,-0.329,-0.114,0.04,-0.133,0.181,0.487,0.16,-0.157,0.078,-0.287,-0.356,0.214,0.412,0.203,-0.424,0.688,0.87,0.048,0.569,0.366,0.407,0.382,0.656,0.872,0.9,0.482,1.326,1.137,0.465,0.365,0.667,0.758
882,Bolivia (Plurinational State of),0.11,0.274,0.482,0.308,0.433,0.523,0.756,0.347,0.085,0.145,0.593,0.038,0.402,0.913,0.797,0.372,0.938,0.935,0.301,0.274,0.432,0.741,0.479,0.61,0.553,0.704,0.313,0.155,0.493,0.51,0.942,0.674,0.419,0.811
916,Bosnia and Herzegovina,,,,,,,,,,,,0.682,0.279,1.721,0.316,-0.011,0.146,1.094,0.646,1.554,1.56,1.178,1.134,0.632,0.178,0.651,1.927,1.434,1.445,1.026,1.173,1.813,1.379,1.887
950,Botswana,-0.39,0.418,1.087,0.508,0.363,0.456,1.405,0.449,-0.115,0.962,0.234,1.082,0.759,0.081,1.329,-0.112,0.262,1.211,0.904,-0.356,0.157,0.762,1.135,0.252,1.404,-0.418,0.414,0.358,-0.058,1.173,0.377,0.809,1.071,0.207
984,Brazil,0.188,0.277,0.478,0.285,0.108,0.28,0.708,0.48,0.166,0.476,0.497,0.433,0.53,0.616,0.799,0.521,0.714,1.272,0.565,0.53,0.736,1.038,0.907,0.766,1.091,0.778,0.971,0.72,0.942,1.099,0.782,1.006,0.921,1.157
1018,British Virgin Islands,0.532,0.073,0.561,0.2,0.032,0.088,0.508,0.494,-0.037,0.321,0.301,0.209,0.454,0.682,0.786,0.385,0.489,1.095,0.586,0.168,0.614,0.807,0.871,0.532,0.787,0.638,0.904,0.385,0.673,1.067,0.437,0.622,0.79,0.918
1052,Brunei Darussalam,0.067,0.059,0.574,-0.059,0.112,0.016,0.436,0.482,0.056,0.456,0.337,0.267,0.114,0.316,0.354,0.252,0.545,1.22,0.438,0.348,0.478,0.587,0.716,0.512,0.867,0.535,0.547,0.283,0.684,0.755,0.433,0.681,0.874,0.815
1086,Bulgaria,-0.061,-0.139,0.376,-0.031,-0.615,0.345,-0.496,0.122,0.4,0.788,-0.162,0.139,-0.329,1.582,0.219,-0.358,-0.333,0.779,0.694,1.183,1.629,0.833,0.159,0.496,0.18,0.538,1.858,1.165,1.273,1.335,0.399,1.659,1.462,1.207
1120,Burkina Faso,0.306,0.195,0.742,0.824,0.495,0.379,1.058,0.624,0.028,0.633,0.567,0.017,0.775,0.362,0.452,0.966,0.679,1.056,0.615,0.601,0.572,1.078,1.053,0.935,1.512,1.231,0.949,0.382,1.021,1.347,1.088,0.573,0.93,0.981
1154,Burundi,,0.724,0.829,,,0.702,0.785,0.528,0.27,0.586,0.201,0.312,,,,,,0.853,,,0.628,1.037,1.18,1.279,,,1.388,,,,,,,
1188,Cabo Verde,0.637,0.877,0.873,,0.469,0.339,1.373,1.181,1.316,1.68,1.046,1.254,0.875,0.808,1.841,1.964,2.02,2.146,1.161,1.405,1.695,1.722,1.236,1.329,1.538,1.722,1.188,1.669,1.134,,1.737,1.703,1.684,1.437
1222,Cambodia,0.291,0.079,0.446,0.098,0.243,0.046,0.592,0.321,0.239,0.58,0.493,0.441,0.309,0.39,0.617,0.292,0.339,1.338,0.399,0.253,0.623,0.74,0.713,0.617,0.77,0.749,0.628,0.467,0.442,1.212,0.394,0.863,1.014,0.623
1256,Cameroon,0.156,0.069,0.173,0.253,0.103,0.175,0.58,0.365,-0.193,0.689,0.71,-0.184,0.435,0.529,0.613,0.625,0.735,1.284,0.803,0.533,0.322,0.845,0.979,0.907,1.117,1.082,0.746,0.712,1.194,1.251,0.72,0.56,0.775,0.885
1290,Canada,1.566,-0.665,0.497,0.347,-0.296,0.021,1.35,1.213,0.034,0.09,0.35,0.116,0.362,0.487,0.956,-0.102,0.45,2.49,1.711,1.309,1.438,0.559,1.258,0.506,1.302,2.359,1.345,0.868,0.551,2.928,1.457,2.165,1.203,0.298
1324,Cayman Islands,0.073,0.634,0.429,0.325,0.214,0.378,0.718,0.808,0.889,1.003,0.933,0.678,0.87,1.399,1.021,0.441,0.999,0.923,0.453,,,,,,0.649,0.585,0.737,0.544,0.448,0.65,0.336,0.404,0.559,0.767
1358,Central African Republic,0.003,0.322,0.454,0.144,0.206,0.552,0.599,0.45,-0.014,0.438,0.559,-0.349,0.459,0.697,0.288,0.279,0.241,1.231,0.583,0.771,0.468,0.854,0.93,1.057,1.071,0.998,0.559,0.66,1.153,1.137,0.774,0.494,0.825,0.682
1392,Chad,0.214,0.48,0.151,0.66,0.355,0.799,0.493,0.292,-0.16,0.454,0.593,-0.27,0.289,0.392,0.25,0.677,0.227,0.826,0.563,0.335,0.247,0.725,0.802,0.827,1.162,1.337,0.552,0.417,1.212,1.217,0.971,0.537,0.99,0.831
1426,Channel Islands,0.203,0.55,0.485,0.276,-0.49,-0.661,-0.252,0.432,1.485,1.483,0.057,0.449,0.096,1.088,1.531,0.109,0.905,0.824,1.343,0.887,1.11,1.035,1.384,0.986,1.166,1.138,1.306,0.843,0.744,0.169,1.129,0.802,0.588,1.791
1460,Chile,0.315,0.343,0.537,-0.148,0.289,0.056,0.579,0.047,0.304,0.207,0.106,-0.121,0.213,0.24,-0.01,0.255,0.761,0.744,0.284,-0.167,0.059,0.154,0.302,0.505,0.196,0.529,-0.287,0.425,0.441,-0.041,0.166,0.671,0.423,0.467
1494,China,0.22,0.38,0.125,-0.146,-0.121,-0.04,0.43,0.397,0.422,0.844,0.51,0.112,0.265,0.717,0.56,0.195,0.717,1.246,1.21,0.553,1.019,1.112,0.8,1.082,1.02,1.203,1.508,1.061,1.309,0.94,0.761,0.595,1.048,1.043
1528,"China, Hong Kong SAR",0.399,0.084,-0.197,-0.533,-0.3,0.005,0.824,-0.147,0.215,0.221,0.67,-0.293,0.237,0.28,-0.087,-0.033,0.232,0.878,0.898,0.226,0.781,0.89,0.921,0.632,0.707,0.888,1.0,0.401,0.939,0.431,0.395,0.58,0.818,0.725
1562,"China, Macao SAR",0.399,0.084,-0.197,-0.533,-0.3,0.005,0.824,-0.147,0.215,0.221,0.67,-0.293,0.237,0.28,-0.087,-0.033,0.232,0.878,0.898,0.226,0.781,0.89,0.921,0.632,0.707,0.888,1.0,0.401,0.939,0.431,0.395,0.58,0.818,0.725
1596,"China, mainland",0.22,0.382,0.124,-0.145,-0.121,-0.039,0.43,0.398,0.424,0.846,0.51,0.113,0.265,0.719,0.562,0.196,0.719,1.246,1.212,0.554,1.02,1.113,0.8,1.085,1.022,1.205,1.511,1.063,1.311,0.942,0.764,0.596,1.05,1.044
1630,"China, Taiwan Province of",0.134,-0.111,0.285,-0.526,-0.035,-0.208,0.359,0.22,-0.016,0.244,0.485,-0.1,0.316,0.325,0.158,-0.02,0.105,1.162,0.691,0.389,0.744,0.889,0.832,0.399,0.622,0.679,0.747,0.542,0.73,0.482,0.021,0.309,0.616,0.702
1664,Christmas Island,,,,0.102,,,0.287,0.28,0.069,0.381,0.101,0.15,0.134,,,0.391,,0.684,-0.028,-0.055,0.239,0.327,0.436,0.212,0.702,-0.06,0.312,-0.125,0.06,,-0.061,0.252,0.746,0.665
1698,Cocos (Keeling) Islands,-0.21,-0.28,0.647,0.163,0.101,-0.31,0.399,0.376,0.199,0.312,0.426,0.168,0.17,-0.029,0.391,0.616,0.303,1.217,1.171,0.309,0.137,0.687,0.501,0.367,0.643,0.337,0.56,0.531,0.538,0.905,0.626,0.809,0.883,0.868
1732,Colombia,0.142,0.177,0.645,-0.209,-0.007,-0.004,0.574,0.345,-0.052,0.283,0.367,0.505,0.232,0.215,0.485,0.13,0.535,0.932,-0.04,-0.078,0.378,0.616,0.642,0.532,0.645,0.511,0.575,0.272,0.753,0.916,0.348,0.559,0.693,0.69
1766,Comoros,0.075,0.506,,-0.496,,-0.066,0.388,0.395,-0.3,0.087,0.233,0.053,0.167,0.528,0.409,-0.053,0.253,0.752,0.197,0.163,0.312,0.767,0.444,0.368,0.463,0.269,0.602,0.234,0.493,0.734,0.37,0.334,0.223,0.312
1800,Congo,-0.127,-0.113,0.353,0.162,-0.124,0.088,0.511,0.338,-0.206,0.088,0.24,-0.182,0.116,0.398,0.629,0.102,,1.142,0.684,0.477,0.448,0.845,0.892,0.92,0.891,0.814,0.918,0.843,0.877,1.304,0.659,0.663,0.888,0.836
1834,Cook Islands,0.191,0.143,0.307,0.166,0.191,0.42,0.192,0.499,0.278,0.325,0.432,0.427,0.174,0.504,0.738,0.708,0.296,0.381,1.264,0.914,0.983,0.874,0.813,0.868,0.755,0.954,0.984,0.848,0.687,1.185,1.04,0.781,1.008,0.798
1868,Costa Rica,0.135,,,-0.073,-0.155,,0.53,-0.022,-0.066,0.46,0.434,0.396,0.178,0.383,0.595,-0.106,0.615,0.842,-0.477,-0.297,0.361,0.637,0.597,0.527,0.337,0.522,0.491,0.084,0.782,0.714,0.288,,,
1902,Côte d'Ivoire,0.273,0.182,0.67,0.517,0.255,0.238,1.032,0.734,0.337,0.635,0.515,0.306,0.554,0.582,0.733,0.81,0.726,1.348,0.565,0.486,0.568,0.884,1.152,0.843,1.111,1.0,1.097,0.817,1.01,1.349,1.044,0.721,0.99,0.897
1936,Croatia,,,,,,,,,,,,0.829,0.402,1.715,0.431,-0.029,0.313,1.157,0.706,1.623,1.596,1.266,1.287,0.68,0.307,0.735,1.995,1.468,1.51,0.878,1.269,1.857,1.282,2.044
1970,Cuba,-0.013,0.595,0.317,0.303,0.251,0.379,0.75,0.611,0.689,0.851,0.913,0.623,0.64,1.015,1.046,0.219,0.819,1.019,0.718,0.535,0.515,0.835,0.88,0.611,0.576,0.728,0.713,0.423,0.777,0.469,0.316,0.39,0.661,0.859
2004,Cyprus,0.097,-0.326,-0.799,0.007,-0.078,0.235,-0.285,0.018,0.073,0.049,0.345,-0.964,-0.457,1.015,0.026,0.221,-0.028,0.921,1.05,0.589,1.119,0.811,0.564,0.603,0.329,0.615,0.804,1.021,0.973,1.981,0.692,0.949,1.221,1.066
2038,Czechia,,,,,,,,,,,,,0.286,1.797,1.03,-0.617,0.118,1.247,1.1,1.902,1.219,1.523,1.074,0.814,0.742,0.948,2.161,1.635,1.413,0.396,1.029,1.57,0.77,2.494
2072,Czechoslovakia,0.278,0.274,1.15,-0.089,-0.997,0.262,-0.656,0.556,1.166,1.249,0.08,1.05,,,,,,,,,,,,,,,,,,,,,,
2106,Democratic People's Republic of Korea,-0.584,0.923,0.609,-0.14,0.17,-0.685,0.251,0.588,1.257,1.353,0.615,0.785,0.59,1.385,0.722,0.313,1.021,1.809,1.423,0.64,0.914,0.914,0.995,1.634,0.888,0.734,1.645,1.553,1.117,0.428,0.557,0.457,0.329,1.517
2140,Democratic Republic of the Congo,0.168,0.198,0.572,0.258,0.183,0.35,0.678,0.61,0.024,0.284,0.442,-0.072,0.199,0.419,0.548,0.11,0.521,0.971,0.446,0.532,0.515,0.987,0.985,0.974,1.008,0.824,0.799,0.675,0.9,1.326,0.827,0.485,1.1,1.093
2174,Denmark,0.304,0.006,1.065,0.386,-0.996,-0.437,-0.98,0.926,1.802,1.845,0.617,1.451,0.236,0.97,1.308,-0.749,0.654,0.872,1.337,1.722,1.048,1.658,0.712,1.036,1.284,1.352,2.136,1.858,1.324,-0.195,0.684,1.145,0.401,2.681
2208,Djibouti,0.108,0.196,0.345,-0.086,0.059,-0.045,0.218,0.574,-0.105,0.522,0.49,0.456,0.32,0.285,0.653,0.762,0.651,0.972,0.425,0.845,0.802,1.375,1.458,0.952,1.217,0.901,0.877,0.314,1.418,1.047,0.916,,1.293,1.178
2242,Dominica,0.437,0.117,0.436,-0.061,-0.089,-0.019,0.568,0.376,-0.144,0.414,0.408,0.304,0.441,0.547,0.663,0.451,0.655,1.089,0.525,0.35,0.544,0.695,0.92,0.557,0.862,0.732,0.877,0.405,0.552,1.23,0.633,0.744,0.753,0.739
2276,Dominican Republic,0.506,0.343,0.683,0.369,0.214,0.333,0.847,0.635,0.305,0.714,0.466,0.283,0.428,0.855,0.926,0.689,0.967,1.411,0.962,0.597,0.954,0.971,1.175,0.761,1.0,0.942,1.193,0.622,0.738,1.269,0.629,0.83,1.059,1.039
2310,Ecuador,0.074,0.54,1.058,-0.222,-0.153,0.131,1.033,0.334,-0.102,0.442,0.362,0.595,0.372,0.257,0.599,-0.072,1.005,1.168,0.161,0.19,0.398,0.669,0.698,0.668,0.657,0.624,0.641,0.516,0.843,0.678,0.471,0.474,0.246,0.873
2344,Egypt,-0.247,-0.446,-1.169,-0.275,0.198,0.071,-0.36,0.162,-0.264,-0.138,0.362,-0.666,-0.059,0.522,0.057,0.281,-0.071,0.655,0.734,-0.036,0.59,0.766,0.68,0.586,0.466,0.679,0.556,0.879,0.865,2.268,0.553,0.871,0.981,1.177
2378,El Salvador,-0.005,0.316,0.657,0.033,0.129,0.232,0.573,0.501,0.246,0.541,0.542,0.534,0.292,0.673,0.684,0.302,0.998,1.065,0.433,0.265,0.57,0.948,1.09,0.869,0.706,0.672,0.675,0.44,1.011,0.688,0.678,0.806,0.792,0.794
2412,Equatorial Guinea,0.104,-0.077,0.179,0.221,0.022,-0.058,0.407,0.337,0.022,0.219,,-0.151,0.138,0.352,1.025,0.534,,1.086,0.611,0.449,0.435,0.727,0.994,0.849,0.87,0.73,0.906,0.775,0.891,0.996,0.662,0.599,0.757,0.823
2446,Eritrea,,,,,,,,,,,,,,,,0.168,0.365,0.515,0.881,0.614,0.547,1.129,0.711,1.173,0.835,0.972,0.28,1.127,1.784,1.642,1.415,1.439,1.191,0.902
2480,Estonia,,,,,,,,,,,,1.588,0.525,0.348,1.731,-0.369,0.917,0.521,1.502,2.043,1.82,1.466,0.218,1.159,1.579,1.237,2.24,2.582,1.597,0.52,1.276,1.442,1.157,2.403
2514,Eswatini,-0.431,0.19,0.929,-0.029,0.541,0.291,0.543,0.601,0.152,0.285,0.519,1.141,0.736,-0.001,0.59,-0.047,0.235,0.942,0.492,-0.073,0.55,0.693,0.794,0.65,0.93,0.055,0.801,0.437,0.266,1.074,1.067,0.464,0.421,0.561
2548,Ethiopia,,,,,,,,,,,,,0.192,0.524,0.75,0.724,0.648,0.807,0.372,0.622,0.78,1.089,1.127,0.878,1.165,1.008,0.893,0.808,1.369,1.29,1.15,1.078,1.244,1.201
2582,Ethiopia PDR,0.28,0.091,0.134,0.543,0.438,0.229,0.382,0.824,0.095,0.593,0.532,0.138,,,,,,,,,,,,,,,,,,,,,,
2616,Falkland Islands (Malvinas),0.186,,,,,,,,,,,,,,,,,,,,,,,,,,,,,,,,,
2650,Faroe Islands,-0.38,0.196,-0.306,0.439,-0.179,-0.196,0.138,0.203,0.424,0.676,0.977,0.67,0.04,-0.073,-0.22,0.28,0.824,0.608,0.51,0.216,0.476,1.048,1.617,1.033,0.495,1.142,0.959,0.895,1.448,0.265,1.06,0.366,0.603,1.772
2684,Fiji,0.178,0.139,0.081,0.297,0.271,-0.16,0.086,0.696,0.109,0.238,0.052,0.144,-0.214,-0.041,0.441,0.486,0.228,0.834,0.612,0.762,0.779,0.762,0.653,0.574,0.729,0.666,1.029,0.601,0.38,0.961,0.933,0.615,0.965,0.753
2718,Finland,-0.237,-0.153,0.966,0.759,-1.173,-0.179,-1.652,0.579,2.175,1.246,1.133,1.159,0.929,0.135,1.693,0.131,0.777,0.064,1.153,2.019,1.361,1.166,0.707,1.225,2.195,1.2,1.94,2.125,1.685,0.232,1.345,1.533,1.414,2.584
2752,France,0.079,0.796,0.704,-0.098,-0.351,-0.017,-0.024,0.751,1.254,1.567,0.226,0.631,0.302,1.526,1.296,0.158,1.21,0.915,1.17,1.141,1.355,1.01,1.752,0.924,0.968,1.256,1.349,0.933,1.148,0.326,1.462,1.146,0.638,1.965
2786,French Guyana,0.139,0.007,0.45,-0.199,-0.082,0.074,0.575,0.358,-0.094,0.18,0.243,0.376,0.291,0.255,0.691,0.342,0.499,1.221,0.468,0.375,0.438,0.587,0.809,0.825,1.274,0.685,1.01,0.697,1.035,1.249,0.827,0.816,1.053,1.101
2820,French Polynesia,0.147,0.317,0.178,0.391,0.131,0.254,0.434,0.327,0.143,0.364,0.316,0.328,0.118,0.523,0.56,0.168,0.315,0.634,0.456,0.329,0.5,0.795,0.703,0.531,0.675,0.847,0.856,0.363,0.808,0.767,0.22,0.728,0.541,0.62
2854,French Southern Territories,0.458,0.905,0.115,-0.004,0.409,,0.612,-0.497,0.555,,0.726,0.264,0.732,-0.006,0.117,-0.007,0.705,0.445,0.295,0.582,0.423,0.412,0.275,0.436,-0.053,0.084,-0.095,0.153,-0.05,0.075,0.057,0.581,-0.046,-0.468
2888,Gabon,-0.134,-0.312,0.185,0.172,-0.188,-0.1,0.3,0.253,-0.06,0.133,0.088,-0.177,0.152,0.194,0.655,0.153,0.329,1.147,0.608,0.351,0.312,0.694,0.897,0.816,0.753,0.741,0.938,0.854,0.868,0.979,0.568,0.548,0.727,0.753
2922,Gambia,0.608,0.31,1.115,0.627,0.387,0.647,1.038,0.889,0.747,1.265,0.957,1.0,1.196,0.904,0.986,1.274,1.446,1.673,0.877,1.09,1.434,1.534,1.198,1.224,1.542,1.276,1.155,1.446,0.745,1.377,1.107,0.963,1.081,1.312
2956,Georgia,,,,,,,,,,,,-1.151,-1.212,0.456,0.751,0.203,0.303,1.288,1.25,0.969,1.277,1.036,-0.258,0.915,0.556,1.28,0.888,0.668,0.693,2.488,0.428,1.219,1.388,1.247
2990,Germany,0.293,0.436,1.067,-0.115,-0.804,-0.011,-0.565,0.887,1.484,1.565,0.279,1.22,0.304,1.618,1.301,-0.706,0.551,1.146,1.36,1.755,1.281,1.478,1.248,0.988,1.015,1.248,2.08,1.532,1.27,0.182,1.108,1.338,0.571,2.506
3024,Ghana,0.209,0.202,0.728,0.709,0.395,0.345,1.018,0.719,0.284,0.573,0.44,0.191,0.535,0.62,0.769,0.739,0.58,1.231,0.67,0.51,0.644,0.908,1.073,0.816,1.043,1.062,1.022,0.805,0.99,1.39,0.992,0.712,0.937,0.988
3058,Gibraltar,0.356,0.48,0.379,-0.151,0.586,0.216,0.489,0.782,0.94,1.231,0.146,0.207,-0.092,0.762,1.312,0.708,1.404,1.058,0.67,0.786,1.244,0.831,1.369,0.993,0.814,1.403,0.787,0.939,1.248,1.316,1.623,0.965,0.883,1.471
3092,Greece,-0.203,-0.25,-0.502,-0.135,-0.077,0.296,-0.405,0.118,-0.217,0.34,-0.218,-0.548,-0.341,1.052,-0.045,-0.169,-0.204,0.622,0.788,0.667,1.298,0.415,0.377,0.327,0.209,0.247,1.068,0.872,0.758,1.551,0.365,1.21,1.3,1.028
3126,Greenland,-0.37,-0.647,-2.069,-1.462,0.883,0.373,-0.129,0.504,-1.546,-0.356,-0.298,-1.234,-1.364,-0.434,-0.337,0.657,0.38,1.259,0.51,0.829,0.822,1.176,2.317,1.456,1.867,1.708,1.353,0.948,0.84,3.046,1.672,1.614,1.368,1.435
3160,Grenada,0.362,0.095,0.381,0.005,-0.389,-0.12,0.51,0.513,-0.124,0.242,0.263,0.285,0.352,0.444,0.692,0.449,0.59,1.159,0.6,0.449,0.663,0.576,0.878,0.428,0.934,0.633,0.578,0.428,0.451,1.167,0.654,0.568,0.807,0.685
3194,Guadeloupe,0.513,0.13,0.472,0.008,-0.068,-0.02,0.554,0.381,-0.124,0.374,0.41,0.357,0.466,0.516,0.664,0.419,0.59,1.115,0.572,0.317,0.577,0.724,0.923,0.554,0.844,0.646,0.873,0.362,0.556,1.159,0.563,0.691,0.767,0.778
3228,Guatemala,-0.029,0.433,0.626,0.109,0.182,0.13,0.318,0.506,0.183,0.379,0.656,0.479,0.366,0.613,0.651,0.172,0.778,0.959,0.654,0.46,0.506,0.772,1.072,0.74,0.936,0.713,0.735,0.337,0.952,0.764,0.585,0.615,0.733,0.74
3262,Guinea,0.329,0.211,0.636,0.382,0.397,0.09,0.823,0.623,0.131,0.671,0.692,0.357,0.729,0.495,0.495,0.809,0.758,1.143,0.521,0.677,0.795,1.148,1.024,1.064,1.225,1.141,1.008,1.089,0.848,1.252,1.043,0.473,1.062,1.019
3296,Guinea-Bissau,0.447,0.259,0.886,0.517,0.384,0.497,0.811,0.731,0.572,1.078,0.921,0.838,1.034,0.825,0.877,1.069,1.243,1.682,0.866,1.13,1.346,1.417,1.113,1.19,1.423,1.223,1.058,1.366,0.784,1.309,1.083,0.796,1.094,1.399
3330,Guyana,0.125,0.225,0.352,-0.54,-0.471,-0.121,0.375,0.326,-0.078,0.449,0.241,0.009,0.145,0.4,0.935,0.478,0.851,1.24,0.361,0.649,0.781,1.062,0.911,0.894,1.138,0.81,0.826,0.489,1.05,0.919,0.744,0.836,0.901,1.08
3364,Haiti,0.415,0.539,0.586,0.417,0.296,0.337,0.971,0.89,0.508,0.876,0.812,0.492,0.409,1.138,0.896,0.353,1.16,1.208,1.258,0.919,0.712,0.92,1.194,0.834,1.086,0.904,1.101,0.609,0.826,1.277,0.557,0.86,1.183,1.45
3398,Holy See,-0.522,0.526,0.185,-0.581,0.237,0.57,0.158,0.717,0.08,1.053,-0.101,0.444,0.401,1.399,0.125,0.291,0.788,0.879,0.733,1.139,1.396,0.636,1.396,0.395,0.328,0.503,1.223,0.869,0.915,0.662,0.914,1.404,0.765,1.239
3432,Honduras,0.076,0.405,0.56,0.088,0.17,0.134,0.368,0.603,0.236,0.319,0.498,0.467,0.178,0.718,0.867,0.151,0.913,1.126,0.463,0.127,0.374,0.787,0.674,0.536,0.99,0.65,0.796,0.579,0.82,0.81,0.743,0.636,0.917,0.663
3466,Hungary,0.154,0.112,0.999,-0.126,-1.056,0.37,-0.531,0.401,0.881,1.088,-0.041,0.921,0.085,1.766,0.645,-0.325,-0.13,1.099,0.62,1.753,1.41,1.442,0.732,0.572,0.258,0.722,2.165,1.52,1.637,0.83,0.915,1.751,1.18,2.232
3500,Iceland,-0.978,-0.323,-0.895,0.178,0.15,-0.093,0.68,-0.097,-0.19,0.148,0.753,0.209,0.201,-0.121,-0.352,0.541,0.412,0.217,0.481,0.309,0.618,0.821,1.844,1.292,0.509,1.089,1.155,0.806,0.965,1.218,1.026,0.748,0.776,1.737
3534,India,0.05,-0.038,-0.177,-0.15,0.153,0.142,0.542,0.477,-0.039,-0.101,0.16,0.007,0.176,0.059,0.191,0.295,-0.109,0.559,0.424,0.309,0.441,0.796,0.633,0.533,0.545,0.625,0.579,0.237,1.131,1.113,0.336,0.486,0.434,0.522
3568,Indonesia,0.16,-0.009,0.389,-0.147,0.104,0.068,0.483,0.372,0.05,0.12,0.215,0.275,0.23,0.283,0.338,0.392,0.407,1.001,0.251,0.285,0.519,0.609,0.602,0.544,0.701,0.403,0.444,0.239,0.557,0.759,0.331,0.411,0.734,0.749
3602,Iran (Islamic Republic of),0.615,-0.194,-0.175,0.059,0.159,0.135,0.459,0.631,0.144,0.652,0.295,-0.865,-0.104,0.73,0.624,0.163,0.575,1.094,1.571,1.124,1.419,1.583,0.842,1.397,0.702,1.723,0.762,1.019,1.052,2.092,1.234,0.98,1.533,0.953
3636,Iraq,0.163,-0.514,-0.914,-0.077,-0.064,0.294,0.271,-0.01,0.085,0.277,0.524,-1.28,-0.578,0.893,0.252,0.68,0.181,1.162,1.785,0.858,1.153,1.018,0.853,0.935,0.374,1.462,0.808,1.008,0.719,2.541,0.734,1.151,1.106,1.053
3670,Ireland,0.355,0.133,0.384,0.318,-0.454,-0.741,-0.161,0.231,1.028,0.803,0.179,0.429,0.047,0.265,1.179,-0.024,0.96,0.92,1.054,0.548,0.529,0.809,1.006,0.878,1.162,1.157,1.355,0.858,0.824,-0.086,0.576,0.715,0.584,1.424
3704,Isle of Man,0.271,0.054,0.356,0.329,-0.517,-0.713,-0.251,0.25,1.085,0.889,0.16,0.442,-0.055,0.253,1.148,-0.128,0.908,0.91,1.09,0.606,0.495,0.873,1.034,0.931,1.147,1.213,1.307,0.817,0.86,-0.129,0.661,0.589,0.424,1.533
3738,Israel,-0.228,-0.58,-1.077,-0.222,-0.006,0.04,-0.299,0.027,-0.179,-0.111,0.397,-1.045,-0.363,0.804,-0.143,0.335,-0.123,0.892,0.903,0.312,0.928,0.805,0.641,0.622,0.26,0.649,0.582,0.788,0.89,2.385,0.643,1.101,1.186,0.946
3772,Italy,-0.291,0.502,0.377,-0.468,0.115,0.439,0.183,0.824,0.398,1.112,0.002,0.512,0.498,1.495,0.395,0.211,0.907,0.939,0.889,1.217,1.503,0.884,1.497,0.718,0.528,0.808,1.519,1.089,1.182,0.696,1.2,1.486,0.946,1.573
3806,Jamaica,0.763,0.357,0.699,0.28,0.312,0.334,1.175,0.995,0.538,0.575,0.657,0.82,0.436,0.941,0.915,0.231,0.752,1.201,0.556,0.23,0.486,0.741,0.905,0.735,0.823,0.811,0.719,0.329,0.594,1.002,0.354,0.489,0.754,0.973
3840,Japan,-0.637,-0.05,0.092,-0.624,0.114,-0.699,0.311,-0.17,0.541,1.12,0.711,0.318,-0.004,0.949,0.33,-0.147,0.433,1.175,0.921,0.601,0.381,0.594,0.286,1.077,0.698,0.346,0.961,0.631,0.764,0.884,0.556,0.353,0.583,0.516
3874,Jordan,-0.202,-0.728,-1.112,-0.276,-0.052,0.04,-0.175,-0.048,-0.076,-0.069,0.464,-1.156,-0.544,0.912,-0.013,0.52,-0.136,1.058,1.036,0.38,1.018,0.747,0.595,0.712,0.19,0.833,0.6,0.817,0.644,2.639,0.56,1.087,1.06,0.885
3908,Kazakhstan,,,,,,,,,,,,0.275,-0.375,-0.05,2.038,-0.408,1.886,0.493,1.37,1.494,1.645,2.252,0.132,2.156,1.559,1.445,2.2,1.556,1.187,1.299,0.738,1.143,1.614,0.669
3942,Kenya,0.169,0.279,0.599,0.172,-0.052,0.139,0.728,0.607,-0.183,-0.021,0.272,0.419,0.051,0.51,0.391,0.424,0.503,0.26,0.234,0.52,0.606,0.729,0.886,0.656,0.729,0.734,0.456,0.727,1.296,1.084,1.02,0.898,0.805,0.9
3976,Kiribati,0.276,0.235,0.179,-0.081,0.12,0.387,0.18,0.15,-0.112,0.309,0.369,0.263,-0.053,0.225,0.612,0.43,0.229,0.656,0.085,0.352,0.634,0.736,0.818,,,0.796,0.89,0.714,1.03,0.738,0.755,0.855,1.054,1.194
4010,Kuwait,0.156,-0.411,-0.894,0.053,-0.183,0.258,0.541,0.269,-0.037,0.213,0.331,-0.729,-0.3,0.765,0.011,0.715,0.321,1.14,1.881,1.037,1.106,1.451,1.37,1.3,0.495,1.683,0.968,1.209,1.102,2.442,1.154,1.344,1.215,1.354
4044,Kyrgyzstan,,,,,,,,,,,,0.067,-0.08,0.292,0.471,-0.406,1.438,0.816,1.087,1.098,1.438,1.415,0.417,1.505,1.156,1.631,1.702,1.01,0.991,1.361,1.235,0.289,1.383,0.495
4078,Lao People's Democratic Republic,0.491,0.232,0.318,0.139,0.333,0.078,0.98,0.362,0.288,0.484,0.735,0.226,0.33,0.441,0.678,0.212,0.406,1.503,0.727,0.102,0.786,0.72,1.06,0.491,0.961,0.936,0.656,0.338,0.699,1.405,0.171,0.998,1.189,0.758
4112,Latvia,,,,,,,,,,,,1.567,0.375,0.668,1.603,-0.434,0.746,0.637,1.538,1.997,1.806,1.705,0.227,0.996,1.329,1.058,2.175,2.375,1.499,0.665,1.118,1.369,1.046,2.284
4146,Lebanon,0.021,-0.501,-0.963,-0.088,-0.023,0.224,-0.254,-0.004,0.122,0.052,0.408,-1.026,-0.435,1.057,0.063,0.408,-0.093,1.004,1.102,0.554,1.158,0.849,0.656,0.684,0.318,0.756,0.762,1.023,0.896,2.372,0.703,1.083,1.275,1.072
4180,Lesotho,-0.277,0.299,1.028,0.366,0.79,0.49,0.582,0.459,-0.01,0.336,0.524,0.988,1.03,0.112,0.719,-0.221,0.231,0.908,1.217,0.314,0.569,0.545,0.778,0.835,0.872,0.169,0.718,0.456,0.461,1.205,0.449,0.714,0.622,0.575
4214,Liberia,0.138,0.217,0.489,0.349,0.279,0.161,0.938,0.822,0.353,0.576,0.512,0.241,0.524,0.529,0.628,0.565,0.988,1.342,0.805,0.502,0.53,0.885,0.921,0.897,1.077,1.095,1.022,1.17,1.377,1.395,1.059,0.847,0.954,0.918
4248,Libya,0.026,0.039,-0.383,-0.154,-0.01,0.121,-0.159,0.825,-0.086,0.473,0.225,-0.448,0.286,0.415,0.292,0.525,0.428,0.668,1.139,0.217,1.2,0.837,0.892,0.684,0.663,0.745,0.759,0.784,0.67,1.988,0.782,0.699,1.151,1.211
4282,Liechtenstein,0.043,0.546,0.948,-0.365,-0.329,0.387,-0.04,0.933,1.09,1.31,0.184,1.086,0.632,1.925,0.899,-0.034,0.94,1.202,0.966,1.449,1.43,1.381,1.672,0.896,0.661,0.96,1.935,1.39,1.404,0.475,1.653,1.607,0.92,2.239
4316,Lithuania,,,,,,,,,,,,1.482,0.295,0.943,1.511,-0.522,0.519,0.738,1.484,2.019,1.798,1.908,0.173,0.869,1.195,0.91,2.182,2.21,1.385,0.723,0.914,1.323,0.926,2.196
4350,Luxembourg,,,,,,,,,,,,,,,,,,,,1.636,1.412,1.369,1.67,0.994,1.112,1.338,1.923,1.262,1.168,0.303,1.321,1.244,0.553,2.452
4384,Madagascar,0.072,0.267,0.423,-0.134,0.077,-0.076,0.478,0.544,0.016,0.089,0.338,0.364,0.198,0.321,0.299,0.136,0.594,0.755,0.401,0.383,0.561,0.545,0.607,0.405,0.61,0.739,0.625,0.441,0.797,1.055,0.956,0.726,0.629,0.686
4418,Malawi,-0.142,0.037,0.919,0.29,0.036,0.251,0.622,0.754,0.211,0.675,0.232,0.629,0.097,0.282,0.827,0.636,0.715,1.046,0.352,0.815,0.668,0.851,1.027,0.892,1.474,1.014,1.101,0.539,0.705,0.996,0.717,0.942,0.68,1.013
4452,Malaysia,0.236,0.221,0.654,0.011,0.186,0.203,0.515,0.474,0.131,0.53,0.408,0.383,0.194,0.34,0.467,0.4,0.614,1.21,0.42,0.405,0.638,0.765,0.771,0.692,0.891,0.628,0.686,0.571,0.785,0.985,0.614,0.787,1.001,1.028
4486,Maldives,0.118,0.303,0.456,0.185,0.039,0.214,0.506,0.79,-0.021,0.553,0.589,0.199,0.224,0.42,0.685,0.429,0.554,0.891,0.28,0.243,0.431,0.586,0.483,0.348,0.798,0.337,0.379,0.174,0.5,0.635,0.509,0.518,0.603,0.704
4520,Mali,0.422,0.289,0.852,0.638,0.541,0.34,1.126,0.825,0.139,0.944,0.734,0.244,1.056,0.253,0.628,1.213,0.909,1.243,0.433,0.723,0.642,1.309,1.327,1.281,1.466,1.155,0.994,0.616,1.032,1.725,1.298,0.486,1.054,0.932
4554,Malta,-0.317,0.653,0.074,-0.23,0.464,0.423,0.532,1.183,0.196,1.214,0.119,0.242,0.597,1.397,0.43,0.607,1.023,0.846,1.246,1.034,1.642,0.91,1.387,0.691,0.706,1.033,1.425,1.299,1.112,1.287,1.067,1.417,1.328,1.472
4588,Marshall Islands,,,,,,,,,,,0.017,0.122,-0.032,0.26,0.081,0.177,0.104,0.085,-0.192,-0.077,0.246,0.406,0.372,0.512,0.443,0.371,0.376,0.128,0.331,0.502,0.312,0.695,0.661,0.72
4622,Martinique,0.395,0.096,0.412,-0.051,-0.097,-0.018,0.568,0.389,-0.125,0.405,0.356,0.271,0.404,0.525,0.629,0.434,0.629,1.065,0.503,0.322,0.533,0.694,0.902,0.562,0.865,0.747,0.852,0.413,0.568,1.221,0.65,0.754,0.767,0.727
4656,Mauritania,0.824,0.475,1.523,0.497,0.503,0.192,1.48,0.837,0.637,1.37,0.749,0.764,0.865,0.556,1.084,1.444,1.194,1.672,0.492,1.133,1.276,1.259,1.278,1.385,1.304,1.347,0.968,1.254,0.845,1.905,1.549,0.854,1.414,1.326
4690,Mauritius,0.15,0.226,0.238,-0.288,-0.127,0.112,0.584,0.378,-0.002,0.155,0.427,0.104,0.07,0.344,0.183,-0.089,0.475,0.718,0.103,0.02,0.381,0.28,0.571,0.191,0.261,0.171,0.362,0.088,0.718,1.012,0.826,0.603,0.688,0.724
4724,Mayotte,0.221,0.561,,-0.42,-0.084,0.065,0.458,0.446,-0.209,0.158,0.304,0.129,0.233,0.53,0.347,-0.014,0.356,0.792,0.27,0.233,0.387,0.839,0.512,0.386,0.521,0.317,0.746,0.327,0.512,0.755,0.492,0.425,0.282,0.478
4758,Mexico,0.145,0.559,0.006,-0.126,0.067,0.258,-0.162,0.131,0.445,0.226,0.233,0.055,0.299,0.678,0.776,0.536,0.464,0.698,0.611,0.586,0.505,0.677,0.827,0.305,0.743,0.877,0.434,0.505,1.029,0.246,0.973,0.882,0.723,0.827
4792,Micronesia (Federated States of),,,,,,,,,,,0.139,0.262,0.014,0.281,0.301,0.42,0.245,0.511,0.092,0.229,0.374,0.199,0.284,0.401,0.265,0.269,0.207,-0.047,0.072,0.252,0.12,0.533,0.678,0.515
4826,Midway Island,0.467,0.063,0.174,1.497,0.119,-0.274,0.317,0.758,0.24,-0.096,0.301,,,,,,,,,,,,,,,,,0.883,0.377,0.836,,2.483,1.229,
4860,Monaco,-0.061,0.552,0.487,-0.62,-0.127,0.41,0.173,0.733,0.875,1.247,0.062,0.618,0.456,1.299,0.663,0.182,1.266,0.881,0.882,1.063,1.34,0.861,1.584,0.779,0.699,1.06,1.519,0.967,1.327,0.305,1.25,1.242,0.569,1.645
4894,Mongolia,0.234,1.142,0.614,-0.338,-0.428,0.38,0.188,0.65,1.354,1.549,1.094,0.833,0.474,1.341,1.28,0.419,1.942,2.126,1.775,0.991,1.697,1.803,0.515,1.773,0.959,1.231,2.739,1.771,1.41,0.325,0.773,0.246,1.027,1.867
4928,Montenegro,,,,,,,,,,,,,,,,,,,,,,,,,,0.535,1.781,1.339,1.297,1.267,1.036,1.712,1.515,1.605
4962,Montserrat,0.579,0.183,0.45,-0.049,-0.111,-0.094,0.571,0.309,-0.164,0.367,0.485,0.511,0.501,0.438,0.683,0.432,0.591,1.158,0.611,0.384,,0.681,0.9,0.566,0.864,0.561,0.847,0.303,0.482,1.147,0.576,0.682,0.766,0.723
4996,Morocco,0.495,0.484,0.782,0.268,0.854,0.234,1.077,0.992,0.686,1.415,0.148,0.232,0.219,1.051,1.214,0.963,1.291,1.573,1.099,0.956,1.84,1.194,1.685,1.119,1.27,1.472,1.013,1.151,1.251,2.117,1.789,1.393,1.311,1.711
5030,Mozambique,-0.201,-0.063,0.829,0.186,-0.032,0.1,0.594,0.562,0.066,0.347,0.131,0.689,0.289,0.083,0.553,0.18,0.224,0.94,0.276,0.351,0.492,0.625,0.641,0.492,1.072,0.505,0.619,0.302,0.478,0.871,0.622,0.641,0.394,0.616
5064,Myanmar,0.324,0.097,0.178,0.103,0.213,0.113,0.577,0.429,0.366,0.228,0.516,0.071,0.083,0.45,0.583,0.389,0.189,1.113,0.815,0.11,0.563,0.647,0.644,0.587,0.906,0.773,0.456,0.463,0.898,1.188,0.508,0.878,0.94,0.799
5098,Namibia,0.077,0.422,0.748,0.829,0.57,0.397,1.12,0.55,-0.215,0.808,0.317,0.782,0.831,0.442,1.118,0.229,0.222,1.449,1.016,0.144,0.576,1.104,1.45,1.077,0.982,-0.019,0.894,0.918,0.725,1.594,0.013,0.429,1.376,1.039
5132,Nauru,0.366,-0.179,,0.014,0.082,,,,0.321,-0.059,0.116,-0.313,,,,,,,,,,,,,,,,,,,,,,
5166,Nepal,-0.059,-0.125,-0.42,-0.026,0.324,-0.091,0.267,0.573,0.046,-0.054,0.097,-0.016,-0.186,0.175,0.365,0.277,-0.338,0.343,0.583,0.045,0.419,0.496,0.272,0.391,0.747,0.876,0.714,0.335,1.189,1.214,0.308,0.493,0.281,0.437
5200,Netherlands,0.333,0.462,0.865,0.055,-0.855,-0.198,-0.505,0.793,1.535,1.559,0.256,1.174,0.242,1.361,1.537,-0.783,0.608,1.063,1.569,1.587,1.259,1.517,1.196,1.15,1.241,1.494,2.061,1.42,1.213,0.088,1.056,1.135,0.414,2.548
5234,Netherlands Antilles (former),0.449,0.22,0.616,0.074,-0.18,-0.092,0.613,0.323,-0.157,0.191,0.274,0.313,0.404,0.39,0.589,0.527,0.421,1.092,0.323,0.028,0.558,0.714,0.87,0.471,0.692,0.489,0.818,0.335,0.699,1.217,0.408,0.528,0.928,0.867
5268,New Caledonia,0.168,0.021,0.501,0.101,0.274,0.14,-0.163,0.813,0.229,0.502,0.073,0.185,-0.106,-0.237,0.316,0.525,0.098,1.537,0.774,0.26,0.492,0.502,0.282,0.393,0.241,0.139,0.613,0.603,0.375,0.709,0.465,0.341,0.497,0.486
5302,New Zealand,0.417,-0.073,-0.303,0.161,0.384,0.37,0.393,0.496,0.742,0.568,-0.029,-0.717,-0.387,-0.086,0.09,0.233,-0.127,0.986,1.018,0.276,0.584,0.43,0.246,0.043,0.449,0.395,0.258,0.553,0.054,0.59,0.658,0.093,0.932,0.475
5336,Nicaragua,0.205,0.54,0.597,0.01,0.103,0.176,0.392,0.461,0.118,0.312,0.465,0.47,0.265,0.68,0.907,0.08,0.797,1.02,0.011,0.054,0.436,0.726,0.586,0.501,0.789,0.613,0.761,0.492,0.737,0.748,0.605,0.654,1.232,0.768
5370,Niger,0.099,0.44,0.106,0.688,0.364,0.81,0.736,0.661,-0.309,0.585,0.986,-0.167,0.526,0.354,0.587,1.226,0.858,0.823,0.717,0.879,0.37,0.732,0.985,0.732,1.361,1.366,1.069,0.486,1.51,1.754,1.167,0.797,1.017,1.204
5404,Nigeria,0.205,0.406,0.287,0.851,0.44,0.594,0.879,0.561,-0.333,0.658,0.698,-0.048,0.608,0.538,0.514,0.865,0.78,1.118,0.827,0.598,0.315,0.841,0.884,0.801,1.271,1.297,0.906,0.672,1.399,1.515,0.949,0.613,0.985,1.056
5438,Niue,-0.305,-0.094,0.168,0.269,0.074,-0.043,0.067,0.519,0.077,0.177,0.419,0.051,,,,,,,,,,,,,,,,,,,,,,
5472,Norfolk Island,0.195,-0.042,0.269,0.149,0.212,0.282,-0.015,0.8,0.516,0.486,0.131,-0.143,-0.107,-0.161,0.463,0.818,-0.165,1.409,,-0.227,0.25,0.166,0.045,0.294,0.326,0.208,,,0.358,0.62,0.721,0.251,0.303,0.145
5506,North Macedonia,,,,,,,,,,,,0.026,0.014,1.487,-0.043,-0.124,-0.114,0.774,0.614,1.096,1.604,0.372,0.654,0.383,0.181,0.41,1.575,1.183,1.065,1.394,0.763,1.486,1.482,1.357
5540,Norway,-0.483,-0.042,0.644,0.544,-0.583,-0.421,-0.818,0.489,1.755,1.532,0.992,1.134,0.712,0.081,0.96,-0.043,0.779,0.401,1.277,1.447,0.633,1.403,1.117,1.314,1.785,1.525,1.713,1.641,1.409,-0.32,1.428,1.084,0.815,2.441
5574,Oman,0.442,-0.373,-0.448,-0.362,0.188,0.18,0.293,0.418,-0.156,0.24,-0.086,-0.434,0.493,0.325,0.057,-0.01,-0.185,0.838,0.728,0.679,0.732,0.872,0.881,0.825,0.91,0.955,0.766,0.648,0.846,1.223,0.999,0.919,0.658,0.735
5608,Pacific Islands Trust Territory,0.253,0.189,0.234,0.222,0.086,0.325,0.325,0.431,0.261,0.47,,,,,,,,,,,,,,,,,,,,,,,,
5642,Pakistan,0.336,-0.342,-0.382,-0.187,0.218,-0.273,0.208,0.748,-0.291,0.426,-0.226,-0.375,0.442,0.203,-0.08,-0.137,-0.35,0.489,0.846,0.698,0.752,0.984,0.493,1.018,0.233,1.057,0.71,0.412,1.048,1.283,0.831,0.242,0.81,0.42
5676,Palau,,,,,,,,,,,,0.208,0.16,0.392,0.446,0.504,0.49,0.753,0.565,0.553,,,0.502,0.775,0.611,0.654,0.754,,0.663,0.613,0.59,0.789,0.907,0.963
5710,Palestine,-0.234,-0.579,-1.083,-0.218,-0.001,0.037,-0.312,0.022,-0.18,-0.11,0.403,-1.05,-0.359,0.811,-0.152,0.334,-0.125,0.894,0.908,0.312,0.93,0.806,0.643,0.621,0.258,0.645,0.582,0.788,0.898,2.391,0.648,1.11,1.194,0.94
5744,Panama,0.313,0.383,0.866,-0.015,-0.169,0.13,0.568,0.167,0.064,0.362,0.463,0.325,0.355,0.362,0.552,0.209,0.508,0.839,-0.249,-0.02,0.361,0.661,0.695,0.479,0.509,0.55,0.461,0.248,0.767,0.784,0.393,0.792,0.912,0.703
5778,Papua New Guinea,0.239,-0.151,0.325,0.247,0.157,0.278,0.334,0.608,0.368,0.35,0.292,0.473,0.35,0.325,0.617,0.62,0.162,1.029,0.396,0.482,0.625,0.706,0.677,0.248,0.685,0.293,0.436,0.41,0.321,1.05,0.454,0.32,0.791,0.369
5812,Paraguay,0.345,0.301,-0.355,0.454,0.339,0.813,0.138,-0.087,-0.15,-0.004,0.619,-0.433,0.18,0.839,0.564,0.117,0.905,0.191,0.062,0.102,0.526,0.913,0.615,0.272,0.383,0.765,0.106,0.104,0.754,0.213,0.455,0.707,0.228,1.027
5846,Peru,0.107,0.247,1.401,0.276,0.182,0.216,0.941,0.558,0.125,0.474,0.583,0.849,0.562,0.617,0.851,0.235,1.0,1.333,0.383,0.46,0.506,0.778,0.733,0.675,0.789,0.776,0.559,0.584,0.851,1.078,0.774,0.824,0.608,0.785
5880,Philippines,0.2,0.136,0.608,0.155,0.34,0.251,0.531,0.801,0.265,0.422,0.378,0.411,0.373,0.435,0.465,0.368,0.43,1.228,0.451,0.581,0.727,0.624,0.702,0.586,0.671,0.716,0.754,0.423,0.578,0.925,0.479,0.779,0.914,0.775
5914,Pitcairn,-0.134,-0.038,-0.693,0.193,0.39,0.174,-0.231,0.027,0.34,0.118,-0.305,-0.415,-0.594,-0.234,-0.077,-0.29,-0.309,-0.501,,0.438,0.195,0.534,-0.12,-0.516,-0.287,0.473,0.048,-0.033,-0.195,-0.003,,,,
5948,Poland,0.443,0.329,1.455,0.241,-1.042,0.018,-1.079,0.68,1.692,1.707,0.409,1.143,0.067,1.368,1.105,-0.794,0.002,0.942,1.196,1.878,1.277,1.692,0.356,0.769,0.866,0.817,2.127,1.73,1.248,0.372,0.736,1.355,0.622,2.32
5982,Portugal,0.552,0.564,0.296,-0.118,0.534,0.099,0.747,0.631,1.125,1.405,0.441,0.431,-0.202,0.675,1.648,0.72,1.559,1.151,0.561,0.613,1.12,0.622,1.405,0.972,0.941,1.498,0.717,0.602,1.381,1.094,1.577,0.767,0.905,1.308
6016,Puerto Rico,0.572,0.178,0.577,0.198,-0.013,0.145,0.642,0.548,0.057,0.469,0.353,0.3,0.473,0.677,0.724,0.467,0.668,1.232,0.679,0.28,0.773,0.884,1.002,0.547,0.847,0.737,0.988,0.45,0.661,1.177,0.574,0.788,0.79,0.926
6050,Qatar,0.529,-0.231,-0.935,-0.049,0.277,0.431,0.307,0.419,-0.14,0.271,-0.226,-0.577,-0.024,0.614,0.014,0.45,0.022,1.12,1.697,0.938,0.964,1.441,1.163,1.206,0.817,1.625,0.953,1.125,1.073,1.917,1.402,1.332,1.186,1.575
6084,Republic of Korea,-0.752,0.437,0.468,-0.265,0.282,-0.743,0.395,0.277,0.804,1.251,0.302,0.637,0.055,1.276,0.449,0.0,0.747,1.496,1.065,0.445,0.92,0.683,0.662,1.235,0.969,0.538,1.304,0.993,0.989,0.542,0.347,0.419,0.522,1.027
6118,Republic of Moldova,,,,,,,,,,,,0.472,-0.666,1.644,0.627,-0.659,-0.432,0.808,0.921,1.484,1.697,1.438,-0.197,0.72,0.873,0.287,2.387,1.545,1.779,1.331,0.451,2.052,1.325,1.399
6152,Réunion,,0.057,0.258,-0.194,0.243,0.069,0.688,0.538,0.266,0.263,0.392,0.302,0.28,0.484,0.259,0.093,0.205,0.945,0.32,0.376,0.822,0.498,0.618,0.621,0.438,0.264,0.475,0.323,0.867,0.787,,0.753,0.672,1.056
6186,Romania,0.038,-0.064,0.828,-0.137,-1.197,0.427,-0.731,0.096,0.753,1.104,0.038,0.367,-0.423,1.724,0.413,-0.415,-0.413,0.794,0.624,1.341,1.532,1.214,0.14,0.552,0.295,0.516,2.116,1.331,1.609,1.154,0.482,1.815,1.366,1.548
6220,Russian Federation,,,,,,,,,,,,0.364,0.954,0.575,2.105,0.807,1.277,-0.035,0.411,1.317,0.81,1.583,0.985,1.394,1.699,0.546,2.483,2.213,1.182,0.871,1.695,1.926,1.16,1.749
6254,Rwanda,,0.724,1.025,,,0.896,0.696,0.542,0.256,0.586,0.175,0.312,,,,,,0.853,,,0.467,0.862,1.081,0.935,,,1.395,,,,,,,
6288,"Saint Helena, Ascension and Tristan da Cunha",0.121,0.112,0.466,0.645,0.413,0.697,0.332,0.857,0.797,0.865,0.774,0.173,0.756,0.9,0.783,0.749,0.706,1.168,1.174,1.256,0.999,1.129,1.242,1.133,1.101,1.249,0.893,1.065,1.431,1.241,1.288,0.916,1.191,1.074
6322,Saint Kitts and Nevis,0.579,0.183,0.45,-0.049,-0.111,-0.094,0.571,0.309,-0.164,0.367,0.485,0.511,0.501,0.438,0.683,0.432,0.591,1.158,0.611,0.384,,0.681,0.9,0.566,0.864,0.561,0.847,0.303,0.482,1.147,0.576,0.682,0.766,0.723
6356,Saint Lucia,0.327,0.067,0.348,-0.052,-0.257,-0.079,0.521,0.426,-0.093,0.31,0.292,0.256,0.349,0.454,0.61,0.41,0.561,1.099,0.532,0.364,0.584,0.629,0.867,0.515,0.91,0.706,0.704,0.4,0.5,1.18,0.656,0.643,0.789,0.67
6390,Saint Pierre and Miquelon,1.004,-0.47,0.776,0.157,-1.004,-0.689,-0.013,0.264,-0.334,-0.691,-0.635,-1.24,-0.989,-0.213,-0.172,0.226,-0.265,0.848,1.765,1.181,0.607,0.032,0.227,0.656,0.99,1.881,0.436,0.504,0.753,1.37,1.204,2.051,1.358,0.447
6424,Saint Vincent and the Grenadines,0.364,0.098,0.386,0.009,-0.385,-0.113,0.513,0.526,-0.115,0.25,0.266,0.288,0.344,0.446,0.691,0.447,0.588,1.159,0.598,0.447,0.663,0.58,0.885,0.434,0.933,0.637,0.585,0.434,0.449,1.166,0.661,0.565,0.806,0.686
6458,Samoa,-0.033,0.162,0.259,0.105,0.077,0.197,0.122,0.426,-0.035,0.398,0.632,0.559,0.093,0.265,0.712,0.695,,,0.167,0.585,0.862,1.11,0.64,0.132,0.766,0.356,0.806,0.362,,0.956,0.499,0.56,0.798,0.459
6492,San Marino,-0.333,0.406,0.432,-0.582,0.172,0.331,0.093,0.762,0.263,0.994,-0.078,0.502,0.512,1.518,0.293,0.21,0.93,1.109,0.839,1.363,1.628,1.075,1.587,0.808,0.399,0.816,1.773,1.19,1.279,0.614,1.202,1.612,0.918,1.485
6526,Sao Tome and Principe,0.197,0.03,0.167,0.406,0.115,-0.089,0.443,0.433,-0.067,,,0.016,0.488,0.364,0.948,,,1.293,0.995,0.526,0.364,0.787,1.04,0.869,0.778,0.857,1.087,0.81,1.014,1.034,0.708,0.783,0.83,0.887
6560,Saudi Arabia,0.063,-0.481,-0.944,-0.384,-0.083,0.148,0.472,0.388,-0.192,-0.024,0.288,-1.039,-0.252,0.602,0.157,0.544,-0.028,1.008,1.468,0.742,0.864,1.083,0.976,0.95,0.507,1.155,0.678,0.862,0.991,2.137,0.821,1.204,1.183,1.264
6594,Senegal,0.758,0.334,1.239,0.639,0.511,0.462,0.989,0.864,0.589,1.208,0.821,0.905,1.126,0.635,0.947,1.236,1.367,1.571,0.618,0.956,1.176,1.452,1.158,1.132,1.347,1.351,1.208,1.292,0.688,1.418,1.151,0.83,1.172,1.143
6628,Serbia,,,,,,,,,,,,,,,,,,,,,,,,,,0.588,1.926,1.371,1.403,1.207,0.768,1.725,1.45,1.641
6662,Serbia and Montenegro,,,,,,,,,,,,0.462,0.036,1.718,0.209,-0.071,-0.123,0.992,0.566,1.457,1.526,1.035,0.773,0.546,0.003,,,,,,,,,
6696,Seychelles,0.245,0.461,0.553,-0.218,-0.059,0.314,0.58,0.497,-0.035,0.305,0.446,0.032,0.082,0.377,0.304,-0.022,0.466,0.836,0.161,0.241,0.605,0.404,0.604,0.282,0.505,0.492,0.825,0.392,0.605,0.831,0.741,0.738,0.585,0.698
6730,Sierra Leone,0.211,0.287,0.509,0.336,0.243,-0.101,0.722,0.614,0.169,0.48,0.573,0.209,0.519,0.438,0.413,0.551,0.625,0.827,0.481,,0.849,1.013,0.75,0.963,1.129,1.044,0.74,1.134,0.742,1.22,1.03,0.365,0.929,0.903
6764,Singapore,0.402,0.29,0.715,-0.198,0.218,0.346,0.541,0.453,0.182,,,,,,,,,,,,,,,,,,,,,,,,,
6798,Slovakia,,,,,,,,,,,,,0.032,1.687,0.682,-0.423,-0.256,1.024,0.769,1.626,1.241,1.38,0.653,0.549,0.397,0.627,2.147,1.53,1.496,0.68,0.84,1.57,0.948,2.315
6832,Slovenia,,,,,,,,,,,,1.169,0.576,1.883,0.814,-0.1,0.484,1.379,0.885,1.8,1.724,1.525,1.46,0.765,0.517,0.904,2.205,1.612,1.667,0.808,1.391,1.967,1.27,2.474
6866,Solomon Islands,0.476,-0.069,0.27,0.244,0.113,-0.04,-0.2,0.418,0.096,0.246,0.071,0.004,-0.18,-0.001,0.575,0.34,0.244,0.652,0.238,0.52,,,0.438,0.398,0.627,0.377,0.583,,0.256,0.52,0.287,0.223,0.59,0.655
6900,Somalia,-0.1,0.281,0.566,0.053,0.123,0.209,0.981,0.85,0.04,0.248,0.375,0.683,0.301,0.652,0.601,0.781,0.591,0.75,0.496,0.536,0.955,0.948,1.18,0.566,1.141,0.924,1.078,0.72,1.426,1.221,1.159,1.15,1.252,1.298
6934,South Africa,-0.339,0.212,0.7,0.527,0.649,0.451,0.725,0.327,-0.043,0.316,0.365,0.805,0.839,0.218,0.642,-0.145,0.232,0.83,1.084,0.271,0.52,0.481,0.853,0.948,1.059,0.384,0.773,0.607,0.703,1.094,0.455,0.52,0.647,0.77
6968,South Georgia and the South Sandwich Islands,0.412,,,-0.279,0.054,0.37,-0.722,0.275,0.717,0.479,-0.033,-0.045,0.612,-0.439,0.152,0.498,-0.08,,,,0.356,-0.759,0.768,,0.029,0.733,0.154,0.699,0.304,0.919,0.75,0.076,-0.189,0.072
7002,South Sudan,,,,,,,,,,,,,,,,,,,,,,,,,,,,,,,1.346,0.906,1.17,0.782
7036,Spain,0.321,0.692,0.529,-0.185,0.464,0.232,0.694,0.762,1.002,1.412,0.171,0.273,-0.095,0.997,1.387,0.655,1.467,1.116,0.741,0.742,1.344,0.743,1.529,0.927,0.824,1.459,0.767,0.8,1.286,0.835,1.539,0.958,0.818,1.517
7070,Sri Lanka,0.276,0.264,0.765,0.101,0.207,0.302,0.784,0.802,0.305,0.67,0.632,0.33,0.331,0.396,0.707,0.53,0.688,1.309,0.487,0.595,0.854,1.009,0.922,0.842,0.916,0.679,0.665,0.581,0.815,1.177,0.85,1.0,0.958,1.052
7104,Sudan,,,,,,,,,,,,,,,,,,,,,,,,,,,,,,,0.82,0.97,1.08,0.863
7138,Sudan (former),0.215,0.291,0.104,0.559,0.327,0.446,0.691,0.439,-0.151,0.465,0.437,-0.228,0.32,0.267,0.489,0.621,0.435,0.684,0.536,0.464,0.33,1.075,0.815,0.951,1.077,0.972,0.218,0.69,1.412,1.463,,,,
7172,Suriname,0.245,0.107,0.389,-0.247,-0.076,0.034,0.632,0.489,0.115,0.284,0.287,0.532,0.375,0.448,0.969,0.313,0.611,1.281,0.529,0.495,0.532,0.766,0.999,1.026,1.307,0.845,0.853,0.94,1.235,1.322,0.887,0.96,1.296,1.357
7206,Svalbard and Jan Mayen Islands,-1.065,-0.656,0.046,1.895,1.789,-0.357,0.2,-2.108,-0.769,1.631,1.316,0.957,0.013,0.059,0.471,1.185,-0.321,0.174,2.067,1.976,1.387,1.617,0.843,0.737,2.447,3.885,3.05,1.84,1.906,2.272,2.106,3.825,2.271,3.382
7240,Sweden,-0.223,-0.129,0.917,0.589,-1.028,-0.488,-1.196,0.731,2.002,1.697,1.028,1.378,0.813,0.201,1.27,-0.153,0.99,0.569,1.369,1.729,1.078,1.571,0.92,1.201,1.828,1.492,1.94,1.965,1.438,-0.274,1.278,1.322,0.863,2.711
7274,Switzerland,-0.023,0.572,0.859,-0.34,-0.336,0.232,-0.021,0.904,1.126,1.401,0.306,0.948,0.544,1.842,0.984,0.015,1.05,1.097,0.969,1.409,1.437,1.247,1.837,0.961,0.796,1.082,1.798,1.19,1.359,0.433,1.649,1.486,0.753,2.128
7308,Syrian Arab Republic,0.15,-0.532,-0.847,0.004,-0.029,0.405,-0.18,-0.211,0.377,0.188,0.477,-1.125,-0.571,1.278,0.17,0.462,-0.112,1.156,1.286,0.673,1.166,0.879,0.556,0.665,0.258,1.05,0.823,1.073,0.705,2.495,0.691,1.076,1.342,1.147
7342,Tajikistan,,,,,,,,,,,,-0.235,-0.122,0.469,0.391,-0.349,1.369,0.829,1.152,1.027,1.488,1.25,0.526,1.308,0.789,1.565,1.202,0.948,0.824,1.326,1.481,0.007,1.285,0.539
7376,Thailand,0.321,0.156,0.466,0.118,0.319,0.103,0.78,0.308,0.341,0.55,0.679,0.388,0.325,0.379,0.705,0.267,0.424,1.466,0.462,0.088,0.69,0.698,0.835,0.571,0.912,0.709,0.576,0.43,0.529,1.321,0.289,0.95,1.161,0.744
7410,Timor-Leste,0.734,-0.393,0.404,0.172,0.569,0.242,,,,-0.758,,,,,0.529,0.54,0.283,1.16,0.311,,,,0.64,0.706,1.306,0.395,0.638,0.351,0.785,0.989,0.024,,0.555,0.645
7444,Togo,0.199,0.208,0.71,0.596,0.42,0.274,1.022,0.671,0.139,0.665,0.313,0.115,0.529,0.502,0.546,0.676,0.656,1.167,0.682,0.638,0.78,0.844,1.115,0.853,1.061,1.09,0.982,0.838,1.009,1.378,0.998,0.701,0.902,1.077
7478,Tokelau,0.409,0.385,0.281,0.223,0.361,0.425,0.527,0.248,0.197,0.627,1.1,,,,,,,,,,,,,,,,,,,,,,,
7512,Tonga,0.209,0.244,0.143,0.35,0.259,-0.109,-0.163,0.773,0.414,0.34,0.304,0.177,-0.097,0.211,0.484,0.312,0.235,0.285,0.202,0.355,0.637,0.735,0.36,0.416,0.54,0.321,0.601,0.056,0.127,0.672,0.366,0.455,0.586,0.433
7546,Trinidad and Tobago,0.335,0.061,0.276,-0.095,-0.538,-0.279,0.443,0.269,-0.292,0.057,0.192,0.217,0.507,0.373,0.7,0.481,0.578,1.127,0.634,0.527,0.68,0.496,0.777,0.359,0.974,0.53,0.433,0.34,0.509,1.196,0.534,0.596,0.784,0.704
7580,Tunisia,0.107,0.839,0.252,-0.095,0.42,0.464,0.614,1.324,0.485,1.407,-0.06,-0.006,0.641,1.333,0.643,0.577,1.208,0.952,1.722,0.99,1.969,1.231,1.707,0.942,1.075,1.297,1.418,1.408,0.905,1.821,1.095,1.68,1.544,1.88
7614,Türkiye,0.396,-0.227,-0.452,0.331,-0.078,0.415,-0.412,-0.32,0.334,-0.068,0.2,-1.27,-0.851,1.171,0.116,0.242,-0.031,0.977,1.202,0.484,1.475,0.747,0.251,0.548,0.385,0.833,0.93,0.808,0.643,2.348,0.354,0.93,1.317,1.29
7648,Turkmenistan,,,,,,,,,,,,-0.108,-0.196,0.235,1.35,-0.091,1.327,0.915,1.253,1.255,1.488,1.76,0.071,1.614,1.266,1.659,1.082,0.713,1.029,1.858,1.063,0.745,1.604,0.673
7682,Turks and Caicos Islands,,,,,,,,,,,,,,,,,,,,,,,,,,,,,,,,,,
7716,Tuvalu,0.085,-0.021,0.007,0.115,0.264,0.488,-0.009,0.078,-0.136,0.208,0.541,0.218,0.052,,0.473,0.44,0.489,0.271,0.468,0.577,0.842,0.865,0.652,0.723,0.839,0.69,0.786,0.391,0.713,0.978,0.855,0.661,0.732,0.696
7750,Uganda,0.583,0.577,0.856,0.428,0.243,0.402,0.766,0.607,0.063,0.417,0.309,0.325,0.079,0.343,0.51,0.51,0.559,0.44,0.109,0.345,0.457,0.909,0.877,0.564,0.966,0.558,0.09,0.717,1.153,1.304,1.115,0.709,0.764,0.799
7784,Ukraine,,,,,,,,,,,,0.459,-0.741,1.149,0.949,-0.414,-0.336,0.73,1.157,1.425,1.795,1.539,-0.268,0.918,1.01,0.26,2.365,1.608,1.594,1.635,0.564,1.938,1.501,1.691
7818,United Arab Emirates,0.355,-0.328,-0.699,-0.159,0.23,0.294,0.269,0.325,-0.169,0.364,-0.156,-0.579,0.072,0.482,-0.125,0.391,-0.222,1.015,1.351,0.72,0.592,1.137,1.046,1.011,0.679,1.211,0.757,0.717,0.862,1.456,1.133,1.095,0.756,0.935
7852,United Kingdom of Great Britain and Northern Ireland,0.165,0.106,0.337,0.325,-0.533,-0.605,-0.294,0.299,1.137,1.006,0.199,0.512,-0.023,0.406,1.11,-0.151,0.873,0.853,1.125,0.713,0.622,1.002,1.185,1.026,1.11,1.243,1.327,0.835,0.947,-0.054,0.847,0.574,0.373,1.739
7886,United Republic of Tanzania,0.395,0.462,0.754,0.151,0.12,0.259,0.679,0.739,-0.045,0.216,0.362,0.37,0.024,0.437,0.39,0.272,0.652,0.579,-0.287,0.571,0.468,0.672,1.059,0.926,0.993,0.816,0.76,0.447,0.898,1.006,0.726,0.834,0.863,0.805
7920,United States of America,0.871,-0.34,0.533,-0.229,-0.027,0.578,0.904,0.463,0.319,0.665,0.52,0.387,0.002,0.461,0.626,-0.011,0.39,1.264,0.749,0.992,0.78,0.946,0.987,0.86,1.149,1.023,1.141,0.21,0.396,0.69,0.534,1.445,0.613,0.5
7954,United States Virgin Islands,0.542,0.088,0.56,0.196,0.018,0.094,0.527,0.503,-0.026,0.343,0.309,0.221,0.456,0.603,0.65,0.367,0.513,1.115,0.597,0.181,0.639,0.818,0.89,0.529,0.796,0.651,0.914,0.393,0.67,1.085,0.461,0.652,0.784,0.918
7988,Uruguay,0.517,0.576,-0.051,0.105,0.429,0.76,0.322,-0.517,0.73,0.571,0.312,0.145,0.277,0.44,0.307,0.492,1.135,0.142,0.112,0.364,1.266,0.634,0.325,0.468,0.821,0.618,0.162,0.746,0.531,0.302,0.497,0.898,0.2,1.212
8022,USSR,0.793,0.068,0.978,0.304,-0.634,0.299,-0.61,0.458,0.987,1.233,0.636,,,,,,,,,,,,,,,,,,,,,,,
8056,Uzbekistan,,,,,,,,,,,,0.132,-0.206,-0.013,1.409,-0.429,1.554,0.506,1.321,1.411,1.578,1.852,0.157,1.942,1.387,1.586,1.392,0.721,1.078,1.8,1.061,0.691,1.537,0.193
8090,Vanuatu,0.062,-0.019,0.221,-0.042,0.423,-0.128,-0.201,0.652,0.092,0.318,-0.035,-0.061,-0.368,-0.076,0.285,0.381,0.235,0.851,0.885,0.53,0.598,0.553,0.204,0.351,0.444,0.282,0.819,0.68,0.421,0.832,0.654,0.342,0.649,0.554
8124,Venezuela (Bolivarian Republic of),0.183,0.116,0.436,-0.112,-0.311,-0.145,0.422,0.004,-0.315,0.315,0.218,0.264,0.381,0.172,0.624,0.45,0.524,0.945,0.203,0.151,0.482,0.686,0.765,0.514,0.758,0.545,0.624,0.396,0.714,1.139,0.484,0.436,0.857,0.806
8158,Viet Nam,0.452,0.178,0.041,-0.148,-0.048,0.058,1.018,0.157,0.003,0.375,0.565,0.04,0.294,0.326,0.361,0.023,0.339,1.342,0.804,0.182,0.728,0.757,1.127,0.482,0.907,0.969,0.597,0.293,0.76,1.176,0.196,0.818,0.992,0.638
8192,Wake Island,0.759,0.384,-0.065,1.294,0.756,0.069,0.068,0.488,-0.054,-0.083,0.371,0.152,0.409,0.213,0.357,1.007,0.299,0.425,0.496,-0.028,0.301,0.564,0.375,0.529,0.014,0.171,-0.136,-0.111,0.17,0.077,0.032,0.235,0.849,1.002
8226,Wallis and Futuna Islands,0.155,0.126,0.101,0.063,0.145,-0.026,0.059,0.439,0.11,0.232,0.032,-0.054,-0.197,-0.052,0.487,0.406,0.242,0.544,0.41,0.582,0.819,0.817,0.484,0.545,0.704,0.502,0.78,0.204,0.254,0.847,0.635,0.617,0.683,0.606
8260,Western Sahara,0.602,0.323,0.749,0.41,0.691,0.19,1.076,0.441,0.659,1.282,0.467,0.451,0.23,0.798,1.226,1.274,1.42,1.265,0.935,0.865,1.255,1.179,1.349,1.47,1.092,1.317,0.851,1.355,0.895,1.819,1.432,1.234,1.282,1.244
8294,Yemen,0.047,-0.04,0.089,0.312,0.576,-0.101,0.02,0.992,0.391,0.451,,,,,,,0.061,,,,,,,,,,,,,,,,,
8328,Yugoslav SFR,-0.165,0.22,0.486,-0.258,-0.483,0.425,-0.169,0.494,0.414,1.004,-0.111,,,,,,,,,,,,,,,,,,,,,,,
8362,Zambia,-0.112,0.398,1.093,0.608,0.24,0.101,1.011,0.701,0.216,0.875,0.29,0.854,0.189,0.546,0.865,0.912,0.674,1.215,0.418,0.311,0.501,0.956,1.159,0.801,1.339,0.61,1.075,0.446,0.577,1.481,0.965,0.926,0.746,0.638
8396,Zimbabwe,-0.328,0.214,1.266,0.53,0.077,0.069,1.103,0.489,0.232,0.627,0.317,1.195,0.512,-0.043,0.678,-0.157,0.057,0.876,0.09,-0.34,0.03,0.438,0.377,0.042,1.065,-0.346,0.038,0.016,-0.336,0.918,0.22,0.329,0.102,-0.008
8430,World,0.443,0.084,0.459,0.124,-0.03,0.242,0.4,0.56,0.335,0.645,0.47,0.187,0.352,0.51,0.839,0.367,0.66,0.996,0.787,0.732,0.833,1.018,0.89,0.908,1.09,0.982,1.181,0.92,0.944,1.205,0.907,1.058,1.007,1.042
8464,Africa,0.135,0.257,0.455,0.368,0.328,0.321,0.72,0.658,0.036,0.604,0.423,0.137,0.421,0.44,0.598,0.579,0.582,0.977,0.671,0.498,0.696,0.927,1.035,0.858,1.092,0.903,0.792,0.726,0.971,1.502,0.938,0.762,1.017,1.019
8498,Eastern Africa,0.087,0.247,0.659,0.287,0.157,0.165,0.694,0.687,0.057,0.398,0.34,0.511,0.191,0.401,0.578,0.458,0.529,0.768,0.25,0.436,0.579,0.804,0.93,0.678,1.04,0.708,0.728,0.544,0.92,1.147,0.906,0.873,0.856,0.831
8532,Middle Africa,0.105,0.224,0.426,0.404,0.283,0.382,0.627,0.498,-0.032,0.443,0.477,-0.027,0.29,0.429,0.544,0.352,0.409,1.062,0.554,0.465,0.416,0.871,0.949,0.86,1.073,0.919,0.766,0.629,0.974,1.261,0.84,0.531,1.0,0.92
8566,Northern Africa,0.142,0.201,0.044,0.127,0.335,0.275,0.506,0.786,0.08,0.714,0.248,-0.3,0.328,0.532,0.488,0.655,0.627,0.857,1.006,0.496,1.098,1.043,1.104,0.882,0.975,1.046,0.728,0.923,1.025,1.938,1.096,0.992,1.141,1.309
8600,Southern Africa,-0.222,0.322,0.804,0.611,0.563,0.435,0.992,0.426,-0.11,0.608,0.324,0.862,0.821,0.255,0.939,-0.023,0.235,1.105,1.022,0.094,0.459,0.736,1.097,0.833,1.107,0.081,0.732,0.646,0.539,1.267,0.306,0.557,0.962,0.727
8634,Western Africa,0.363,0.352,0.694,0.64,0.441,0.434,1.027,0.722,0.091,0.833,0.739,0.219,0.748,0.445,0.684,1.104,0.897,1.211,0.613,0.781,0.667,1.038,1.11,1.019,1.322,1.247,1.001,0.78,1.134,1.626,1.195,0.681,1.082,1.093
8668,Americas,0.69,-0.092,0.449,0.072,-0.006,0.284,0.829,0.555,0.178,0.375,0.417,0.245,0.273,0.51,0.717,0.197,0.574,1.421,0.805,0.727,0.834,0.766,0.955,0.653,1.011,1.198,0.906,0.555,0.668,1.292,0.838,1.319,0.823,0.698
8702,Northern America,1.196,-0.507,0.47,0.036,-0.145,0.297,1.108,0.837,0.145,0.361,0.421,0.224,0.158,0.459,0.774,-0.045,0.42,1.872,1.221,1.146,1.107,0.759,1.149,0.697,1.24,1.7,1.247,0.548,0.481,1.837,1.01,1.802,0.918,0.42
8736,Central America,0.139,0.538,0.13,-0.09,0.072,0.237,-0.04,0.191,0.382,0.255,0.293,0.136,0.294,0.661,0.769,0.45,0.527,0.757,0.522,0.488,0.487,0.689,0.812,0.362,0.749,0.824,0.487,0.483,0.986,0.354,0.889,0.84,0.765,0.806
8770,Caribbean,0.226,0.477,0.45,0.293,0.214,0.319,0.786,0.643,0.511,0.762,0.736,0.498,0.53,0.939,0.945,0.348,0.87,1.145,0.815,0.547,0.627,0.865,0.996,0.653,0.759,0.773,0.883,0.508,0.731,0.82,0.443,0.575,0.823,0.976
8804,South America,0.211,0.277,0.468,0.131,0.136,0.275,0.639,0.292,0.181,0.401,0.425,0.28,0.394,0.542,0.643,0.428,0.75,1.013,0.378,0.293,0.579,0.783,0.757,0.645,0.796,0.694,0.583,0.573,0.834,0.814,0.642,0.847,0.724,0.993
8838,Asia,0.21,0.116,-0.014,-0.121,0.015,0.058,0.411,0.431,0.263,0.526,0.395,-0.061,0.075,0.527,0.622,0.181,0.615,1.047,1.088,0.679,1.016,1.167,0.648,1.088,0.863,1.104,1.185,0.875,1.075,1.253,0.702,0.697,1.054,0.91
8872,Central Asia,,,,,,,,,,,,0.184,-0.311,0.024,1.747,-0.369,1.74,0.574,1.328,1.419,1.602,2.07,0.156,2.003,1.457,1.5,1.913,1.311,1.133,1.427,0.865,0.961,1.581,0.603
8906,Eastern Asia,0.178,0.474,0.196,-0.188,-0.148,-0.018,0.392,0.414,0.562,0.955,0.593,0.226,0.286,0.819,0.649,0.214,0.874,1.368,1.277,0.613,1.087,1.182,0.747,1.181,1.0,1.169,1.654,1.146,1.3,0.848,0.751,0.538,1.019,1.14
8940,Southern Asia,0.272,-0.132,-0.16,-0.066,0.183,0.066,0.467,0.598,-0.02,0.247,0.128,-0.281,0.124,0.302,0.306,0.18,0.103,0.711,0.86,0.63,0.815,1.058,0.654,0.887,0.554,1.075,0.656,0.514,1.077,1.429,0.728,0.56,0.839,0.617
8974,South-eastern Asia,0.257,0.081,0.373,-0.022,0.175,0.1,0.607,0.391,0.168,0.289,0.403,0.261,0.239,0.349,0.466,0.336,0.385,1.167,0.458,0.246,0.601,0.659,0.721,0.563,0.802,0.615,0.53,0.35,0.642,0.999,0.367,0.675,0.899,0.765
9008,Western Asia,0.156,-0.387,-0.703,-0.127,0.023,0.193,0.191,0.264,0.018,0.085,0.27,-1.054,-0.389,0.739,0.17,0.442,0.002,1.024,1.369,0.703,1.03,0.992,0.751,0.858,0.494,1.114,0.761,0.857,0.856,2.178,0.729,1.124,1.17,1.187
9042,Europe,0.651,0.102,0.926,0.265,-0.614,0.245,-0.575,0.482,1.028,1.249,0.589,0.47,0.749,0.696,1.828,0.566,1.092,0.182,0.582,1.337,0.944,1.496,0.96,1.272,1.525,0.665,2.298,2.011,1.226,0.804,1.535,1.78,1.106,1.825
9076,Eastern Europe,0.771,0.071,0.981,0.293,-0.649,0.297,-0.617,0.456,0.992,1.236,0.617,0.396,0.837,0.649,1.994,0.69,1.144,0.044,0.47,1.342,0.884,1.576,0.905,1.337,1.616,0.544,2.46,2.16,1.212,0.898,1.601,1.906,1.165,1.762
9110,Northern Europe,-0.238,-0.075,0.642,0.531,-0.778,-0.41,-0.897,0.509,1.663,1.328,0.852,1.081,0.58,0.24,1.197,-0.074,0.82,0.485,1.225,1.486,0.996,1.326,0.94,1.174,1.629,1.328,1.77,1.7,1.362,0.025,1.189,1.153,0.871,2.374
9144,Southern Europe,0.036,0.444,0.353,-0.255,0.14,0.323,0.287,0.643,0.614,1.143,0.048,0.316,0.072,1.24,0.79,0.323,0.878,1.011,0.748,0.991,1.409,0.795,1.284,0.747,0.562,1.009,1.205,0.984,1.235,0.952,1.237,1.261,1.033,1.532
9178,Western Europe,0.172,0.619,0.865,-0.116,-0.545,0.01,-0.246,0.808,1.328,1.535,0.241,0.911,0.328,1.596,1.274,-0.209,0.9,1.038,1.232,1.424,1.341,1.24,1.543,0.952,0.968,1.234,1.705,1.214,1.228,0.297,1.328,1.269,0.642,2.216
9212,Oceania,0.45,0.134,0.561,-0.148,0.315,0.35,0.327,0.897,0.164,0.523,0.745,0.247,0.427,0.195,0.401,0.571,0.335,1.056,0.565,0.152,0.339,0.697,0.779,0.65,1.125,0.65,0.841,0.572,0.915,0.647,0.192,0.258,1.398,1.096
9246,Australia and New Zealand,0.464,0.151,0.578,-0.174,0.325,0.358,0.331,0.917,0.152,0.535,0.778,0.235,0.437,0.189,0.388,0.57,0.347,1.059,0.575,0.129,0.32,0.697,0.788,0.676,1.157,0.673,0.866,0.581,0.955,0.623,0.173,0.252,1.441,1.143
9280,Melanesia,0.243,-0.128,0.318,0.237,0.169,0.232,0.268,0.609,0.334,0.345,0.257,0.415,0.271,0.267,0.591,0.592,0.168,1.016,0.419,0.487,0.625,0.697,0.639,0.274,0.663,0.305,0.479,0.43,0.324,1.002,0.466,0.326,0.773,0.405
9314,Micronesia,0.261,0.2,0.217,0.127,0.097,0.344,0.28,0.344,0.146,0.416,0.235,0.234,0.016,0.282,0.431,0.421,0.28,0.582,0.167,0.319,0.485,0.478,0.539,0.544,0.408,0.558,0.595,0.336,0.581,0.533,0.476,0.723,0.867,0.884
9348,Polynesia,0.079,0.234,0.201,0.271,0.129,0.197,0.246,0.414,0.109,0.366,0.432,0.383,0.084,0.385,0.611,0.395,0.296,0.557,0.35,0.459,0.678,0.917,0.641,0.37,0.698,0.599,0.811,0.345,0.665,0.845,0.384,0.636,0.667,0.546
9382,European Union (27),0.081,0.309,0.759,0.056,-0.529,0.035,-0.43,0.646,1.261,1.374,0.36,0.799,0.262,1.138,1.106,-0.101,0.697,0.858,1.056,1.423,1.339,1.194,1.034,0.892,1.004,1.098,1.686,1.403,1.33,0.5,1.141,1.332,0.907,2.062
9416,Least Developed Countries,0.217,0.252,0.491,0.412,0.326,0.311,0.722,0.634,0.056,0.544,0.49,0.162,0.369,0.403,0.581,0.603,0.546,0.967,0.508,0.555,0.579,0.941,0.953,0.879,1.11,0.987,0.744,0.637,1.041,1.368,0.976,0.725,1.015,0.922
9450,Land Locked Developing Countries,0.164,0.425,0.518,0.373,0.244,0.449,0.702,0.558,0.179,0.713,0.617,0.21,0.247,0.437,0.965,0.348,1.006,0.966,0.855,0.762,0.908,1.283,0.679,1.192,1.169,1.111,1.198,0.814,1.027,1.227,0.915,0.72,1.079,0.868
9484,Small Island Developing States,0.226,0.106,0.383,0.054,0.052,0.168,0.456,0.552,0.271,0.447,0.379,0.386,0.335,0.468,0.778,0.495,0.528,1.132,0.509,0.54,0.659,0.829,0.819,0.594,0.881,0.59,0.692,0.555,0.68,0.997,0.585,0.572,0.879,0.796
9518,Low Income Food Deficit Countries,0.198,0.192,0.361,0.317,0.267,0.288,0.672,0.608,0.013,0.439,0.431,0.092,0.346,0.359,0.497,0.511,0.482,0.866,0.53,0.57,0.588,0.936,0.859,0.864,0.992,0.971,0.727,0.603,1.074,1.331,0.886,0.65,0.925,0.839
9552,Net Food Importing Developing Countries,0.182,0.263,0.475,0.31,0.254,0.269,0.67,0.598,0.098,0.579,0.47,0.228,0.382,0.472,0.636,0.513,0.594,1.043,0.614,0.518,0.655,0.964,0.924,0.888,1.019,0.91,0.836,0.709,1.007,1.325,0.881,0.697,0.996,0.96
9586,Annex I countries,0.808,-0.112,0.692,0.118,-0.302,0.274,0.157,0.654,0.579,0.814,0.555,0.31,0.407,0.502,1.214,0.289,0.761,0.958,0.863,1.079,0.947,1.132,0.948,1.01,1.352,1.082,1.671,1.218,0.899,1.202,1.082,1.51,1.109,1.141
9620,Non-Annex I countries,0.179,0.224,0.29,0.127,0.164,0.219,0.574,0.492,0.158,0.521,0.408,0.101,0.314,0.515,0.577,0.418,0.587,1.021,0.734,0.491,0.752,0.939,0.849,0.836,0.909,0.912,0.842,0.711,0.975,1.205,0.779,0.743,0.934,0.972
9654,OECD,0.788,-0.175,0.495,0.0,-0.062,0.248,0.643,0.742,0.33,0.515,0.492,0.266,0.241,0.497,0.704,0.128,0.452,1.451,1.013,0.869,0.891,0.774,0.99,0.695,1.126,1.302,1.12,0.655,0.718,1.244,0.801,1.277,0.998,0.835
